

insert into USERS(USER_ID,EMAIL,NAME,PASSWORD)
 	values (1, 'testUser11@gmail.com', 'Test USer11', '$2a$10$dnJySKqw1nh1658SE5Jja.VTfBKF.r1ZJAUlECErTlXeGqTRIRFqu') 
 		ON DUPLICATE KEY UPDATE USER_ID = VALUES(USER_ID),EMAIL =  VALUES(EMAIL), NAME = VALUES(NAME), PASSWORD = VALUES(PASSWORD);

insert into USERS(USER_ID,EMAIL,NAME,PASSWORD)
 	values (2, 'testUser22@gmail.com', 'Test USer22', '$2a$10$dnJySKqw1nh1658SE5Jja.VTfBKF.r1ZJAUlECErTlXeGqTRIRFqu') 
 		ON DUPLICATE KEY UPDATE USER_ID = VALUES(USER_ID),EMAIL =  VALUES(EMAIL), NAME = VALUES(NAME), PASSWORD = VALUES(PASSWORD);

insert into USERS(USER_ID,EMAIL,NAME,PASSWORD)
 	values (3, 'testUser33@gmail.com', 'Test USer33', '$2a$10$dnJySKqw1nh1658SE5Jja.VTfBKF.r1ZJAUlECErTlXeGqTRIRFqu') 
 		ON DUPLICATE KEY UPDATE USER_ID = VALUES(USER_ID),EMAIL =  VALUES(EMAIL), NAME = VALUES(NAME), PASSWORD = VALUES(PASSWORD);

insert into USERS(USER_ID,EMAIL,NAME,PASSWORD)
 	values (4, 'testUser44@gmail.com', 'Test USer44', '$2a$10$dnJySKqw1nh1658SE5Jja.VTfBKF.r1ZJAUlECErTlXeGqTRIRFqu') 
 		ON DUPLICATE KEY UPDATE USER_ID = VALUES(USER_ID),EMAIL =  VALUES(EMAIL), NAME = VALUES(NAME), PASSWORD = VALUES(PASSWORD);

insert into USERS(USER_ID,EMAIL,NAME,PASSWORD)
 	values (5, 'testUser55@gmail.com', 'Test USer55', '$2a$10$dnJySKqw1nh1658SE5Jja.VTfBKF.r1ZJAUlECErTlXeGqTRIRFqu') 
 		ON DUPLICATE KEY UPDATE USER_ID = VALUES(USER_ID),EMAIL =  VALUES(EMAIL), NAME = VALUES(NAME), PASSWORD = VALUES(PASSWORD);
 	
 
 insert into POSTS(POST_ID,CONTENT,DATE_TIME,USER_ID)
 	values (1,"this is first post by User Test USer11, 	2020-04-09 12:30:01.717, 1)
 		ON DUPLICATE KEY UPDATE POST_ID = VALUES(POST_ID),CONTENT=VALUES(CONTENT),DATE_TIME=VALUES(DATE_TIME),USER_ID=VALUES(USER_ID);
 		
 insert into POSTS(POST_ID,CONTENT,DATE_TIME,USER_ID)
 	values (2,"this is second post by User Test USer11, 	2019-05-19 21:30:01.717, 1)
 		ON DUPLICATE KEY UPDATE POST_ID = VALUES(POST_ID),CONTENT=VALUES(CONTENT),DATE_TIME=VALUES(DATE_TIME),USER_ID=VALUES(USER_ID);
 		
 insert into POSTS(POST_ID,CONTENT,DATE_TIME,USER_ID)
 	values (3,"this is third post by User Test USer11, 	2020-05-1021:30:01.717, 1)
 		ON DUPLICATE KEY UPDATE POST_ID = VALUES(POST_ID),CONTENT=VALUES(CONTENT),DATE_TIME=VALUES(DATE_TIME),USER_ID=VALUES(USER_ID);
 		
 insert into POSTS(POST_ID,CONTENT,DATE_TIME,USER_ID)
 	values (4,"this is first post by User Test USer22, 	2020-05-20 21:30:01.717, 2)
 		ON DUPLICATE KEY UPDATE POST_ID = VALUES(POST_ID),CONTENT=VALUES(CONTENT),DATE_TIME=VALUES(DATE_TIME),USER_ID=VALUES(USER_ID);
 		
insert into POSTS(POST_ID,CONTENT,DATE_TIME,USER_ID)
 	values (5,"this is second post by User Test USer22, 	2020-05-11 21:30:01.717, 2)
 		ON DUPLICATE KEY UPDATE POST_ID = VALUES(POST_ID),CONTENT=VALUES(CONTENT),DATE_TIME=VALUES(DATE_TIME),USER_ID=VALUES(USER_ID);

insert into POSTS(POST_ID,CONTENT,DATE_TIME,USER_ID)
 	values (6,"this is third post by User Test USer22, 	2020-05-19 08:30:01.717, 2)
 		ON DUPLICATE KEY UPDATE POST_ID = VALUES(POST_ID),CONTENT=VALUES(CONTENT),DATE_TIME=VALUES(DATE_TIME),USER_ID=VALUES(USER_ID);

insert into POSTS(POST_ID,CONTENT,DATE_TIME,USER_ID)
 	values (7,"this is first post by User Test USer33, 	2020-05-19 22:30:01.717, 3)
 		ON DUPLICATE KEY UPDATE POST_ID = VALUES(POST_ID),CONTENT=VALUES(CONTENT),DATE_TIME=VALUES(DATE_TIME),USER_ID=VALUES(USER_ID);

insert into POSTS(POST_ID,CONTENT,DATE_TIME,USER_ID)
 	values (8,"this is second post by User Test USer33, 	2020-07-19 21:30:01.717, 3)
 		ON DUPLICATE KEY UPDATE POST_ID = VALUES(POST_ID),CONTENT=VALUES(CONTENT),DATE_TIME=VALUES(DATE_TIME),USER_ID=VALUES(USER_ID);

insert into POSTS(POST_ID,CONTENT,DATE_TIME,USER_ID)
 	values (9,"this is third post by User Test USer33, 	2020-05-22 21:30:01.717, 3)
 		ON DUPLICATE KEY UPDATE POST_ID = VALUES(POST_ID),CONTENT=VALUES(CONTENT),DATE_TIME=VALUES(DATE_TIME),USER_ID=VALUES(USER_ID);

insert into POSTS(POST_ID,CONTENT,DATE_TIME,USER_ID)
 	values (10,"this is first post by User Test USer44, 	2020-05-19 21:30:01.717, 4)
 		ON DUPLICATE KEY UPDATE POST_ID = VALUES(POST_ID),CONTENT=VALUES(CONTENT),DATE_TIME=VALUES(DATE_TIME),USER_ID=VALUES(USER_ID);

insert into POSTS(POST_ID,CONTENT,DATE_TIME,USER_ID)
 	values (11,"this is second post by User Test USer44, 	2020-03-19 21:30:01.717, 4)
 		ON DUPLICATE KEY UPDATE POST_ID = VALUES(POST_ID),CONTENT=VALUES(CONTENT),DATE_TIME=VALUES(DATE_TIME),USER_ID=VALUES(USER_ID);

insert into POSTS(POST_ID,CONTENT,DATE_TIME,USER_ID)
 	values (12,"this is third post by User Test USer44, 	2020-05-18 01:30:01.717, 4)
 		ON DUPLICATE KEY UPDATE POST_ID = VALUES(POST_ID),CONTENT=VALUES(CONTENT),DATE_TIME=VALUES(DATE_TIME),USER_ID=VALUES(USER_ID);
 
insert into POSTS(POST_ID,CONTENT,DATE_TIME,USER_ID)
 	values (13,"this is first post by User Test USer55, 	2020-05-09 11:30:01.717, 5)
 		ON DUPLICATE KEY UPDATE POST_ID = VALUES(POST_ID),CONTENT=VALUES(CONTENT),DATE_TIME=VALUES(DATE_TIME),USER_ID=VALUES(USER_ID);

insert into POSTS(POST_ID,CONTENT,DATE_TIME,USER_ID)
 	values (14,"this is Second post by User Test USer55, 	2019-12-09 21:30:01.717, 5)
 		ON DUPLICATE KEY UPDATE POST_ID = VALUES(POST_ID),CONTENT=VALUES(CONTENT),DATE_TIME=VALUES(DATE_TIME),USER_ID=VALUES(USER_ID);

insert into POSTS(POST_ID,CONTENT,DATE_TIME,USER_ID)
 	values (15,"this is 3rd post by User Test USer55, 	2020-01-19 21:00:01.717, 5)
 		ON DUPLICATE KEY UPDATE POST_ID = VALUES(POST_ID),CONTENT=VALUES(CONTENT),DATE_TIME=VALUES(DATE_TIME),USER_ID=VALUES(USER_ID);
 
 		
insert into FOLLOWERS(USER_ID,FOLLOWER_ID)
	values(1,4)
		ON DUPLICATE KEY UPDATE  USER_ID=VALUES(USER_ID), FOLLOWER_ID=VALUES(FOLLOWER_ID);
		
insert into FOLLOWERS(USER_ID,FOLLOWER_ID)
	values(1,5)
		ON DUPLICATE KEY UPDATE  USER_ID=VALUES(USER_ID), FOLLOWER_ID=VALUES(FOLLOWER_ID);

insert into FOLLOWERS(USER_ID,FOLLOWER_ID)
	values(2,1)
		ON DUPLICATE KEY UPDATE  USER_ID=VALUES(USER_ID), FOLLOWER_ID=VALUES(FOLLOWER_ID);

insert into FOLLOWERS(USER_ID,FOLLOWER_ID)
	values(2,4)
		ON DUPLICATE KEY UPDATE  USER_ID=VALUES(USER_ID), FOLLOWER_ID=VALUES(FOLLOWER_ID);

insert into FOLLOWERS(USER_ID,FOLLOWER_ID)
	values(2,5)
		ON DUPLICATE KEY UPDATE  USER_ID=VALUES(USER_ID), FOLLOWER_ID=VALUES(FOLLOWER_ID);
		
insert into FOLLOWERS(USER_ID,FOLLOWER_ID)
	values(3,4)
		ON DUPLICATE KEY UPDATE  USER_ID=VALUES(USER_ID), FOLLOWER_ID=VALUES(FOLLOWER_ID);
		
insert into FOLLOWERS(USER_ID,FOLLOWER_ID)
	values(3,1)
		ON DUPLICATE KEY UPDATE  USER_ID=VALUES(USER_ID), FOLLOWER_ID=VALUES(FOLLOWER_ID);													

insert into FOLLOWERS(USER_ID,FOLLOWER_ID)
	values(3,2)
		ON DUPLICATE KEY UPDATE  USER_ID=VALUES(USER_ID), FOLLOWER_ID=VALUES(FOLLOWER_ID);													

insert into FOLLOWERS(USER_ID,FOLLOWER_ID)
	values(3,5)
		ON DUPLICATE KEY UPDATE  USER_ID=VALUES(USER_ID), FOLLOWER_ID=VALUES(FOLLOWER_ID);													

insert into FOLLOWERS(USER_ID,FOLLOWER_ID)
	values(4,5)
		ON DUPLICATE KEY UPDATE  USER_ID=VALUES(USER_ID), FOLLOWER_ID=VALUES(FOLLOWER_ID);													

insert into FOLLOWERS(USER_ID,FOLLOWER_ID)
	values(5,1)
		ON DUPLICATE KEY UPDATE  USER_ID=VALUES(USER_ID), FOLLOWER_ID=VALUES(FOLLOWER_ID);													

insert into FOLLOWERS(USER_ID,FOLLOWER_ID)
	values(5,3)
		ON DUPLICATE KEY UPDATE  USER_ID=VALUES(USER_ID), FOLLOWER_ID=VALUES(FOLLOWER_ID);													
         		